{
  "K2_list": [
    0.0,
    0.13793103448275862,
    0.27586206896551724,
    0.41379310344827586,
    0.5517241379310345,
    0.6896551724137931,
    0.8275862068965517,
    0.9655172413793103,
    1.103448275862069,
    1.2413793103448276,
    1.3793103448275863,
    1.5172413793103448,
    1.6551724137931034,
    1.793103448275862,
    1.9310344827586206,
    2.0689655172413794,
    2.206896551724138,
    2.3448275862068964,
    2.4827586206896552,
    2.6206896551724137,
    2.7586206896551726,
    2.896551724137931,
    3.0344827586206895,
    3.1724137931034484,
    3.310344827586207,
    3.4482758620689653,
    3.586206896551724,
    3.7241379310344827,
    3.862068965517241,
    4.0
  ],
  "r_list": [
    0.06376224141261524,
    0.06836626401313368,
    0.07446869611004477,
    0.08108161573054441,
    0.08628553658628206,
    0.08877691898970574,
    0.10430972077660962,
    0.10997691832696031,
    0.12112405409995505,
    0.1451174951451817,
    0.166485426273418,
    0.19265920491677746,
    0.3694869313757704,
    0.5704386297735807,
    0.6422009620158452,
    0.7745328805538385,
    0.8264314626536476,
    0.8588821207616086,
    0.881077572549613,
    0.8995167249876109,
    0.9173625094250284,
    0.9286403957724219,
    0.9372042545378767,
    0.9440667390136233,
    0.9497257805816486,
    0.9544832839113675,
    0.9585408689478132,
    0.9620412148255937,
    0.9650893602357792,
    0.9677649199572912
  ],
  "tc_list": [
    200.0,
    200.0,
    200.0,
    200.0,
    200.0,
    200.0,
    200.0,
    200.0,
    200.0,
    200.0,
    200.0,
    200.0,
    200.0,
    200.0,
    200.0,
    200.0,
    200.0,
    200.0,
    83.91,
    10.01,
    10.01,
    10.01,
    10.01,
    10.01,
    10.01,
    10.01,
    10.01,
    10.01,
    10.01,
    10.01
  ],
  "Kc_measured": 1.2728961166023254,
  "Kc_theory": 1.5957691216057306,
  "Kc_formula": "2*sigma*sqrt(2*pi)/pi = 2/(pi*g(0))",
  "error_pct": 20.2330650864153,
  "N": 200,
  "sigma": 1.0,
  "T": 200.0,
  "dt": 0.01,
  "note": "Original code had wrong Kc formula (missing /pi). Fixed."
}