{
  "K3_list": [
    0.0,
    0.5,
    1.0,
    1.5
  ],
  "K2_list": [
    1.2800000000000002,
    1.3020689655172417,
    1.324137931034483,
    1.3462068965517244,
    1.3682758620689657,
    1.3903448275862071,
    1.4124137931034484,
    1.4344827586206899,
    1.456551724137931,
    1.4786206896551726,
    1.500689655172414,
    1.5227586206896553,
    1.5448275862068965,
    1.566896551724138,
    1.5889655172413795,
    1.6110344827586207,
    1.6331034482758622,
    1.6551724137931034,
    1.677241379310345,
    1.6993103448275861,
    1.7213793103448276,
    1.743448275862069,
    1.7655172413793103,
    1.7875862068965516,
    1.809655172413793,
    1.8317241379310345,
    1.8537931034482757,
    1.8758620689655172,
    1.8979310344827587,
    1.92
  ],
  "tau_relax": [
    [
      3.0,
      3.0,
      3.0,
      3.5,
      3.5,
      3.5,
      4.0,
      4.0,
      4.5,
      4.5,
      4.5,
      5.0,
      12.0,
      4.5,
      5.0,
      5.0,
      5.0,
      5.0,
      11.5,
      4.5,
      4.5,
      3.5,
      3.5,
      3.0,
      0.5,
      0.5,
      0.5,
      0.5,
      0.5,
      0.5
    ],
    [
      3.5,
      3.5,
      4.0,
      4.0,
      4.5,
      4.5,
      5.0,
      9.0,
      9.5,
      10.5,
      13.0,
      14.0,
      14.5,
      15.0,
      16.5,
      27.5,
      7.0,
      4.0,
      3.5,
      0.5,
      0.5,
      0.5,
      0.5,
      0.5,
      0.5,
      1.0,
      1.0,
      1.0,
      1.0,
      1.0
    ],
    [
      4.5,
      4.5,
      5.0,
      8.5,
      9.0,
      9.5,
      10.0,
      13.0,
      14.0,
      16.0,
      24.0,
      48.5,
      5.0,
      0.5,
      0.5,
      0.5,
      0.5,
      1.0,
      1.0,
      1.0,
      1.0,
      1.0,
      1.0,
      1.0,
      1.0,
      1.0,
      1.0,
      1.0,
      1.0,
      1.0
    ],
    [
      8.5,
      9.0,
      10.0,
      11.0,
      14.5,
      16.5,
      24.0,
      48.5,
      1.5,
      1.5,
      1.5,
      1.5,
      1.5,
      1.5,
      1.5,
      1.5,
      1.5,
      1.5,
      1.5,
      1.5,
      1.5,
      1.5,
      1.0,
      1.0,
      1.0,
      1.0,
      1.0,
      1.0,
      1.0,
      1.0
    ]
  ],
  "r_steady": [
    [
      0.14897136725637147,
      0.1563872238058579,
      0.14935509271310873,
      0.15192478569433,
      0.16286580909734028,
      0.15982180282596922,
      0.16519997370484826,
      0.17660933109478358,
      0.1771929006081529,
      0.20779429916483097,
      0.21022855765690715,
      0.21537428519990026,
      0.19554750718321715,
      0.2805860890581394,
      0.29618247934334824,
      0.3005925177803376,
      0.31640811716771833,
      0.340954793427955,
      0.44869435720524836,
      0.4915872718383965,
      0.5114178661202599,
      0.5330947823219282,
      0.5474442519860804,
      0.5672171771193824,
      0.5831684649564375,
      0.591729043407903,
      0.6081202815955921,
      0.6223106106519524,
      0.6319739925848986,
      0.6388686404914029
    ],
    [
      0.1474991425529091,
      0.15838908780017913,
      0.15823579583568448,
      0.17530419955563759,
      0.166892092479453,
      0.17002067400760013,
      0.17015927078004572,
      0.17322622071819943,
      0.17996717354610822,
      0.18503461611104574,
      0.2020395385559089,
      0.23172437739601534,
      0.2931595790787558,
      0.3155139345004945,
      0.33819833723581644,
      0.4849695972563283,
      0.5149754839288972,
      0.5422713036667594,
      0.5702506570533056,
      0.5894034279355957,
      0.6123547848038986,
      0.6303014867263185,
      0.6400610112644038,
      0.6487484443930466,
      0.6880490607594065,
      0.7407684661087844,
      0.771826387408936,
      0.7907292828808634,
      0.8030219496562756,
      0.812374547074874
    ],
    [
      0.16040790452810044,
      0.16141700116682006,
      0.15780649233228813,
      0.16664110638620946,
      0.16444886390103053,
      0.18750902897917002,
      0.18482438037224733,
      0.18160992325164851,
      0.2089695866746596,
      0.20595492007535873,
      0.23434561578930413,
      0.30015738031020006,
      0.5371664735523864,
      0.5861475244461845,
      0.610072446029109,
      0.6656030173520804,
      0.6691492588111541,
      0.796562346116106,
      0.8177368125784725,
      0.8322640979990777,
      0.8408413508321217,
      0.8494787182424658,
      0.858494244047716,
      0.8676048053844215,
      0.8734893808464724,
      0.8782883136842929,
      0.8826427439644818,
      0.8861605065424959,
      0.8900909727692311,
      0.8940797872771148
    ],
    [
      0.16700626992908796,
      0.17083244742698367,
      0.17132985404366508,
      0.17441871167103437,
      0.15522966339852504,
      0.18121236623604076,
      0.18195648983735283,
      0.18524376615454133,
      0.8477552247362348,
      0.8619095215735506,
      0.8732296683369508,
      0.8798183580499955,
      0.8847883640500982,
      0.8889014289144096,
      0.8937447324386513,
      0.8987720134125459,
      0.9033593725006387,
      0.908395077789816,
      0.9141692634950348,
      0.9181329731701169,
      0.9214499186471516,
      0.9243493870918281,
      0.9269421396083254,
      0.9292946275385254,
      0.9314513595219419,
      0.9334442415404228,
      0.9352972331529817,
      0.9370289489218473,
      0.9386542329853645,
      0.9401851705933492
    ]
  ],
  "Kc_est": 1.6,
  "N": 200,
  "sigma": 1.0
}