{
  "N_list": [
    20,
    50,
    100,
    200,
    500
  ],
  "K3_list": [
    -1.0,
    0.0,
    0.5,
    1.0,
    1.5,
    2.0
  ],
  "K2": 2.0,
  "sigma": 1.0,
  "r_mean": [
    [
      0.6486130871573922,
      0.7400459259915779,
      0.8002812543977484,
      0.8727453593106989,
      0.9318334881166928,
      0.9537808524714503
    ],
    [
      0.6005654848259053,
      0.7313857109931432,
      0.801343016951032,
      0.8714656799738936,
      0.9365761014821434,
      0.956868235328856
    ],
    [
      0.5871002794391912,
      0.7347422952581499,
      0.8303604305599555,
      0.8996014173210497,
      0.9413278558053333,
      0.9597637512748662
    ],
    [
      0.5866468846363666,
      0.7390663657534169,
      0.8288478155247743,
      0.8987993664508768,
      0.938722429576768,
      0.9586847958738354
    ],
    [
      0.5531167795626318,
      0.7226458856637632,
      0.824661844535893,
      0.8969338330409645,
      0.9364882978338105,
      0.9572218304258662
    ]
  ],
  "r_std": [
    [
      0.13471703505524446,
      0.15526623450288404,
      0.1411471705210004,
      0.09025780674748424,
      0.03529825988859295,
      0.024108025205135945
    ],
    [
      0.0977573113171699,
      0.10711785402532602,
      0.11486692789985034,
      0.10258453915996663,
      0.019994012719826308,
      0.012580884552950618
    ],
    [
      0.07546459514123707,
      0.0770774592015239,
      0.06625233200141017,
      0.034002519752200304,
      0.015673041784781027,
      0.009485552761910146
    ],
    [
      0.05053162780075705,
      0.0488333569390102,
      0.03502427241051229,
      0.0205059174611445,
      0.010484842558516293,
      0.005974935879001089
    ],
    [
      0.05488746589653709,
      0.043220245423415266,
      0.027602433215909227,
      0.014600040720599432,
      0.007731498582420279,
      0.004534313581722099
    ]
  ],
  "n_seeds": 10
}