{
  "K3_list": [
    -1.5,
    -1.0,
    -0.5,
    0.0,
    0.5,
    1.0,
    1.5
  ],
  "K2_list": [
    0.0,
    0.15384615384615385,
    0.3076923076923077,
    0.46153846153846156,
    0.6153846153846154,
    0.7692307692307693,
    0.9230769230769231,
    1.076923076923077,
    1.2307692307692308,
    1.3846153846153846,
    1.5384615384615385,
    1.6923076923076925,
    1.8461538461538463,
    2.0,
    2.153846153846154,
    2.307692307692308,
    2.4615384615384617,
    2.6153846153846154,
    2.769230769230769,
    2.9230769230769234,
    3.076923076923077,
    3.230769230769231,
    3.384615384615385,
    3.5384615384615388,
    3.6923076923076925,
    3.8461538461538463,
    4.0,
    4.153846153846154,
    4.307692307692308,
    4.461538461538462,
    4.615384615384616,
    4.769230769230769,
    4.923076923076923,
    5.0769230769230775,
    5.230769230769231,
    5.384615384615385,
    5.538461538461538,
    5.6923076923076925,
    5.846153846153847,
    6.0
  ],
  "sigma": 1.0,
  "N": 200,
  "T_equil": 300.0,
  "r_forward": [
    [
      0.05266119966504383,
      0.018075223500043487,
      0.0154106607737173,
      0.07967392576530645,
      0.06734850460175133,
      0.06523563395105582,
      0.055071154768971016,
      0.11621364946404736,
      0.08981813254122543,
      0.19375094451790206,
      0.24818971777353319,
      0.45696304902190354,
      0.35954291299253927,
      0.5471655333577886,
      0.6559919237385152,
      0.6933324121410586,
      0.7200199649890229,
      0.756789383015692,
      0.7935157258752018,
      0.8051010921765097,
      0.842403481502734,
      0.8489524891314959,
      0.8587290916091269,
      0.8962658700341015,
      0.8894249680722113,
      0.9097256868390041,
      0.9130408809470574,
      0.9183404245112968,
      0.9260557004399854,
      0.9346332907873365,
      0.938782158463574,
      0.9460126735510086,
      0.9510172629903801,
      0.9544625072213139,
      0.9592906929219548,
      0.9628345668144463,
      0.9658282891083075,
      0.9684356168050944,
      0.9707372355546767,
      0.9727862936208203
    ],
    [
      0.05194453163230529,
      0.017719901139022585,
      0.022900811284961155,
      0.08037798417990606,
      0.08208842255980317,
      0.06846067974786381,
      0.006420248497962265,
      0.11208473577061011,
      0.12246982026451711,
      0.13013092462820477,
      0.27663101628502124,
      0.31017663991670047,
      0.477431023779502,
      0.6095599623456354,
      0.6668152448896897,
      0.7193072406390957,
      0.7639454099964643,
      0.8241483453162913,
      0.8368246031610992,
      0.8413585406496263,
      0.8724785182004655,
      0.8715308347820586,
      0.8859347613245577,
      0.9116208540174116,
      0.9196516321532952,
      0.9246065458005597,
      0.933501893060046,
      0.9394460654664148,
      0.9412767535654595,
      0.9494104295355356,
      0.9544298898200095,
      0.9583385627545762,
      0.9621910922697636,
      0.9653681769611349,
      0.9681048490718444,
      0.9705017626567962,
      0.972622387568726,
      0.9745123450919739,
      0.976206551961831,
      0.9777327143862075
    ],
    [
      0.05185293717625775,
      0.017811768378853298,
      0.030752711694463013,
      0.09316693300933901,
      0.09151743844149246,
      0.04593348743012351,
      0.12503266354063405,
      0.11035074470984278,
      0.09282047745039448,
      0.11531050608992431,
      0.30746006724959524,
      0.40530339945880206,
      0.48638346163313584,
      0.6793669270591538,
      0.7529253305292429,
      0.7940547324154085,
      0.800055971420465,
      0.8594575306383796,
      0.877098420566745,
      0.887428248061546,
      0.9073629756601974,
      0.9049103614100333,
      0.9246123928889057,
      0.9267868143318229,
      0.925169454886756,
      0.9401525550886902,
      0.948375791167559,
      0.9499728450350948,
      0.957198029998154,
      0.9614761478608216,
      0.9648667406204403,
      0.9677489726952093,
      0.9702509522931384,
      0.972449252533362,
      0.9743973839500165,
      0.9761354892081133,
      0.9776949125942743,
      0.979100770597148,
      0.9803735630676756,
      0.9815302572169116
    ],
    [
      0.05239462865960293,
      0.017746593113018974,
      0.03616136310058961,
      0.11739957287378214,
      0.10519977848965402,
      0.10359300687558079,
      0.1294554810571965,
      0.03645685777657893,
      0.11637199792536078,
      0.039307189554647154,
      0.13695101092339118,
      0.45466570278515483,
      0.6722283626254043,
      0.7610283026332019,
      0.8338818757944864,
      0.8475723529220883,
      0.8830948393605508,
      0.8746569193053696,
      0.8973965330456197,
      0.908426315528876,
      0.9218052749056701,
      0.9308428089303477,
      0.9381403922321282,
      0.9480719083826732,
      0.9522055836666411,
      0.9554936828919827,
      0.960672938044179,
      0.9643169040946108,
      0.9673644770838434,
      0.9699830069668791,
      0.9722659735933551,
      0.9742766138795641,
      0.9760613183376678,
      0.9776556761604013,
      0.9790877883038474,
      0.9803803028642049,
      0.981551760726466,
      0.9826175313154725,
      0.9835904876640496,
      0.984481507224229
    ],
    [
      0.053549515694280396,
      0.017259788493238275,
      0.04012727976222146,
      0.14355624294412658,
      0.11862583374991496,
      0.06306679880571894,
      0.15897636349954722,
      0.2893192221669279,
      0.24624899357199315,
      0.24017094605158598,
      0.2855731053611422,
      0.7098946522036566,
      0.7763208255187941,
      0.8798449759213913,
      0.8941312714659346,
      0.8805530262945145,
      0.9204641844791395,
      0.9119620124633567,
      0.9295487939648654,
      0.9329077507999813,
      0.9449404452563062,
      0.9486977400960999,
      0.9571232712309029,
      0.9597567608145113,
      0.9637096124282487,
      0.9669470820840138,
      0.9696958052502759,
      0.9720714984445514,
      0.9741495276171022,
      0.9759838107189678,
      0.9776149164016662,
      0.9790743698434754,
      0.9803872378076853,
      0.981573804191827,
      0.9826507145690625,
      0.9836317884610563,
      0.9845286129301919,
      0.9853509865787805,
      0.9861072580349252,
      0.9868045881793525
    ],
    [
      0.055278593650868985,
      0.0163482366052755,
      0.044016048268111396,
      0.16694898806216352,
      0.1311532474959045,
      0.05311692258855895,
      0.17655225023521198,
      0.158213942207579,
      0.15745156930919427,
      0.15332560710971413,
      0.44069346090226685,
      0.8292856533337221,
      0.8702002362658176,
      0.9096413000902706,
      0.9072620795179384,
      0.9178858021639467,
      0.9352947555601564,
      0.9446230053330393,
      0.9487250868229545,
      0.9501740282489817,
      0.9586867064109497,
      0.9630329866939791,
      0.9664914951952207,
      0.969386819515265,
      0.9718646087244335,
      0.9740155515828541,
      0.9759027129941101,
      0.9775725367556758,
      0.9790604922511633,
      0.9803943763572573,
      0.9815964066051022,
      0.9826846231436652,
      0.9836738663060306,
      0.9845764796691426,
      0.985402828364427,
      0.9861616890842015,
      0.986860548620833,
      0.987505835790935,
      0.9881031039516576,
      0.9886571762616663
    ],
    [
      0.057528333447706366,
      0.015191834030223554,
      0.04698649542523225,
      0.17745862112906635,
      0.10396537869436638,
      0.041490988989330034,
      0.09275187527493589,
      0.2480255611505198,
      0.15146781758968825,
      0.4240107141627096,
      0.8785577503997057,
      0.8985669589635439,
      0.9147557272242217,
      0.9240789406281658,
      0.9348057104508585,
      0.9503140614792254,
      0.9466520297782262,
      0.9573724764783047,
      0.9622709373563695,
      0.9659910636668175,
      0.9690530057025143,
