{
  "results": [
    {
      "N": 50,
      "delta_K3": 0.06233064781401587,
      "delta_K4": 0.046786804530501214,
      "ratio": 0.750622786243216
    },
    {
      "N": 100,
      "delta_K3": 0.09987726156364063,
      "delta_K4": 0.03702039777235755,
      "ratio": 0.3706589186845955
    },
    {
      "N": 200,
      "delta_K3": 0.08610038751236304,
      "delta_K4": 0.03887216746311295,
      "ratio": 0.4514749420556481
    }
  ],
  "K2": 2.0,
  "K3": 0.5,
  "K4": 0.5,
  "sigma": 1.0
}