{
  "K4_list": [
    -1.0,
    -0.8947368421052632,
    -0.7894736842105263,
    -0.6842105263157895,
    -0.5789473684210527,
    -0.4736842105263158,
    -0.368421052631579,
    -0.26315789473684215,
    -0.1578947368421053,
    -0.052631578947368474,
    0.05263157894736836,
    0.1578947368421053,
    0.26315789473684204,
    0.36842105263157876,
    0.4736842105263157,
    0.5789473684210527,
    0.6842105263157894,
    0.7894736842105261,
    0.894736842105263,
    1.0
  ],
  "K2": 2.0,
  "K3": 0.5,
  "sigma": 1.0,
  "N": 50,
  "r1": [
    0.833296987003533,
    0.8368213345996839,
    0.843440002382642,
    0.8504741101306218,
    0.856320219675981,
    0.8616416514101465,
    0.8668978341339705,
    0.8719438492430608,
    0.8771295904206109,
    0.8824292249039768,
    0.8878136786572615,
    0.8931659905944593,
    0.8981212544084728,
    0.9031908124705894,
    0.9085105350639243,
    0.9131741663841516,
    0.9175967285334453,
    0.927722216165978,
    0.9341246035442198,
    0.9395958961022605
  ],
  "r2": [
    0.5182954286271483,
    0.5270182675942621,
    0.5484257927219038,
    0.5512761991605445,
    0.5467370647370517,
    0.5908709807868069,
    0.5746968193273737,
    0.5951830741505613,
    0.6100433781877767,
    0.642392206634672,
    0.6417054320424859,
    0.6512247045978262,
    0.7044567429473801,
    0.6889637603328108,
    0.6983580830992775,
    0.71147885684524,
    0.7301521661446305,
    0.7475660582366316,
    0.7653971697788478,
    0.7818759235464213
  ],
  "r3": [
    0.2526497643181463,
    0.2155400760337495,
    0.26723815764305364,
    0.24936898634320284,
    0.29094629510877873,
    0.2984598070353414,
    0.3199143721971311,
    0.3165347867852689,
    0.3087665777532247,
    0.3342506313402015,
    0.37310151803371633,
    0.40048824451255916,
    0.44078109452362363,
    0.43775794389726785,
    0.48132655082888987,
    0.49679871752539,
    0.5120763503430446,
    0.5336523531764198,
    0.5568351587379324,
    0.5806320949803849
  ],
  "K3_effect": 0.12009134052637482,
  "K4_effect": 0.10629890909872741,
  "negligible": false
}