{
  "sigma": 1.2,
  "K2": 1.87,
  "n_seeds": 50,
  "results": {
    "N=200_K3=0.0": {
      "r_values": [
        0.26786938476817707,
        0.5274514703995691,
        0.2785892906793011,
        0.23178103446775242,
        0.3730900170757261,
        0.34437516040960725,
        0.3939936431106391,
        0.5435089856498762,
        0.35020805484513656,
        0.31167695791665423,
        0.40606755220741286,
        0.32565058134584024,
        0.25607114907403467,
        0.21824271706361703,
        0.2241865530344268,
        0.19923517546514255,
        0.26740246538859985,
        0.28903172212092665,
        0.44183451806802937,
        0.24723266840746688,
        0.17668599148849565,
        0.28439458021921554,
        0.16124853403473927,
        0.29566228363070934,
        0.3182950123764464,
        0.5379568749156853,
        0.35612965986294304,
        0.20974473181091563,
        0.36681349982414985,
        0.1726520248315652,
        0.43252196361614414,
        0.2859892264726101,
        0.31841575654165644,
        0.18144959030634375,
        0.31531801681333654,
        0.21416932869799238,
        0.27046995373041094,
        0.49998161979458,
        0.33861901638151787,
        0.5120063217174385,
        0.1865266537666129,
        0.328064547147975,
        0.4852168253568442,
        0.18023145783404315,
        0.19272501999291178,
        0.18482454011258045,
        0.30365674406239956,
        0.32454039602610296,
        0.34016853079879444,
        0.30575235076355983
      ],
      "r_mean": 0.31155460308853317,
      "r_std": 0.1029439851700207,
      "r_median": 0.3047045474129797,
      "n_high": 4,
      "n_low": 9
    },
    "N=200_K3=0.4": {
      "r_values": [
        0.2928618746307564,
        0.6441577953560252,
        0.29161992308926576,
        0.24287340826401094,
        0.38885384440989434,
        0.3617172897828213,
        0.4175300423769564,
        0.6291675896334225,
        0.37109667465081575,
        0.3407748761916294,
        0.4481566175577204,
        0.4239829233233581,
        0.26794396487122757,
        0.23111073074665983,
        0.28494733627564,
        0.20989766013336578,
        0.3088834180207108,
        0.35475588824631255,
        0.49825758434890705,
        0.2583490477849838,
        0.17858429049258484,
        0.2912038795710034,
        0.16065151948737816,
        0.3580133595181371,
        0.37447872437083435,
        0.5940375234748129,
        0.42135658777925333,
        0.21255960336573962,
        0.4836231897493641,
        0.192309483180965,
        0.4674108451615401,
        0.3231327980706026,
        0.4933534950119779,
        0.19035558000917335,
        0.47505604780971616,
        0.21964641821175193,
        0.2911738398975937,
        0.5496783188357571,
        0.3698469693839245,
        0.5985784234981403,
        0.19616145824243475,
        0.37189929781629316,
        0.6362892274852164,
        0.1875276419859811,
        0.1929175547350395,
        0.19869741634388036,
        0.3504236730642733,
        0.3478326695804015,
        0.3610848425511349,
        0.33350575131027593
      ],
      "r_mean": 0.35376657839379333,
      "r_std": 0.13079359041483685,
      "r_median": 0.3491281713223374,
      "n_high": 6,
      "n_low": 8
    },
    "N=500_K3=0.0": {
      "r_values": [
        0.14621542800745396,
        0.5274647605260959,
        0.13603592868578873,
        0.26229590082758264,
        0.3170400699461392,
        0.2075009723508029,
        0.15267716172204113,
        0.40747856210420996,
        0.20986533759699733,
        0.1974132438269188,
        0.3402361765592759,
        0.43941543329164434,
        0.18843224684096357,
        0.32687457563018857,
        0.43113983157460517,
        0.240304240890067,
        0.29851705523460575,
        0.46314761640686725,
        0.2798747339847919,
        0.13997255657631283,
        0.24349512492974446,
        0.36257972266824806,
        0.1665220328221467,
        0.18816227039922054,
        0.17733163853767323,
        0.33627845020717645,
        0.37477856927255165,
        0.172918405076991,
        0.2659876504733592,
        0.17167339459594472,
        0.37157958355052134,
        0.15701648630190299,
        0.16302975317552734,
        0.12514771029934865,
        0.163609503625638,
        0.3170408073058015,
        0.18339064552676565,
        0.2901508868684702,
        0.3029771292712164,
        0.3035636514299038,
        0.14517447614690976,
        0.15841351278460442,
        0.4095786818533476,
        0.2171343183805081,
        0.2142140772636095,
        0.31911712602487247,
        0.29386580456574424,
        0.2647426112078868,
        0.36424398225922,
        0.31459843764527534
      ],
      "r_mean": 0.26500436554106965,
      "r_std": 0.0987666649455264,
      "r_median": 0.26351925601773474,
      "n_high": 1,
      "n_low": 18
    },
    "N=500_K3=0.4": {
      "r_values": [
        0.15663996095587834,
        0.6372214151663728,
        0.13744306054863525,
        0.2859524443832153,
        0.3316063474236829,
        0.20639986861028586,
        0.15681620282100706,
        0.4538573484081887,
        0.23084255327413145,
        0.20274518167969832,
        0.4008625333701062,
        0.5238273102664744,
        0.21402092909884937,
        0.36626163284360297,
        0.4705995541338052,
        0.25239934188283325,
        0.2898949108439437,
        0.5395039705305795,
        0.3346030587160773,
        0.13777958881129077,
        0.2557561700312609,
        0.40605810995797265,
        0.1704602290681641,
        0.20389887523282074,
        0.18583381710108868,
        0.4427434751980339,
        0.4681693381963424,
        0.17883850286869885,
        0.3416790169756422,
        0.17390058420480228,
        0.42063006205071857,
        0.16244755141065076,
        0.16701057712929976,
        0.11781401571396083,
        0.16922784577179165,
        0.3621279028062799,
        0.18209219178385594,
        0.3062671641170171,
        0.3410882092579916,
        0.29468890057901953,
        0.16938359871298453,
        0.1577648309637739,
        0.4521476840748941,
        0.228734058262446,
        0.21845006733130207,
        0.3457762861911868,
        0.3227498143016841,
        0.27906759193770525,
        0.3936801571608096,
        0.3310577228726592
      ],
      "r_mean": 0.29157643130067035,
      "r_std": 0.12272595846084859,
      "r_median": 0.2825100181604603,
      "n_high": 3,
      "n_low": 15
    },