{
  "Kc": 1.5957691216057306,
  "K2_list": [
    1.6755575776860172,
    1.7553460337663038,
    1.9149229459268766,
    2.393653682408596,
    3.191538243211461
  ],
  "K2_factors": [
    1.05,
    1.1,
    1.2,
    1.5,
    2.0
  ],
  "K3_list": [
    0.0,
    0.10204081632653061,
    0.20408163265306123,
    0.30612244897959184,
    0.40816326530612246,
    0.5102040816326531,
    0.6122448979591837,
    0.7142857142857143,
    0.8163265306122449,
    0.9183673469387755,
    1.0204081632653061,
    1.1224489795918369,
    1.2244897959183674,
    1.3265306122448979,
    1.4285714285714286,
    1.5306122448979593,
    1.6326530612244898,
    1.7346938775510203,
    1.836734693877551,
    1.9387755102040818,
    2.0408163265306123,
    2.142857142857143,
    2.2448979591836737,
    2.3469387755102042,
    2.4489795918367347,
    2.5510204081632653,
    2.6530612244897958,
    2.7551020408163267,
    2.857142857142857,
    2.9591836734693877,
    3.0612244897959187,
    3.163265306122449,
    3.2653061224489797,
    3.36734693877551,
    3.4693877551020407,
    3.5714285714285716,
    3.673469387755102,
    3.7755102040816326,
    3.8775510204081636,
    3.979591836734694,
    4.081632653061225,
    4.183673469387755,
    4.285714285714286,
    4.387755102040816,
    4.4897959183673475,
    4.591836734693878,
    4.6938775510204085,
    4.795918367346939,
    4.8979591836734695,
    5.0
  ],
  "r1": [
    [
      0.46477144910664137,
      0.4840985623523243,
      0.5138204255509619,
      0.538011906295983,
      0.5851400170885082,
      0.6305992700146917,
      0.6605766989945459,
      0.7002740912773499,
      0.7352141505108798,
      0.7682595389116402,
      0.7966990295065912,
      0.825562695365071,
      0.8515413153256096,
      0.871444848730887,
      0.8879883965564451,
      0.9027931269746035,
      0.9144646695140086,
      0.9240952697962728,
      0.931815213960036,
      0.9378694045581636,
      0.9433697851598579,
      0.9479386656879087,
      0.9519925908965368,
      0.955586661622335,
      0.9586823990028194,
      0.9614804922218718,
      0.9639134173477627,
      0.9661609039021879,
      0.9682052086952441,
      0.9699999549983888,
      0.9716328900109212,
      0.9731125107888369,
      0.9744613051040023,
      0.9757041297374169,
      0.9768431017193189,
      0.9778821903590906,
      0.978843177366769,
      0.9797276076882389,
      0.9805472684998813,
      0.9813060875026863,
      0.9820154436619829,
      0.9826810088246549,
      0.9833032478901084,
      0.9838834846117711,
      0.9844245112097443,
      0.9849340307623526,
      0.985414586427144,
      0.9858632593012068,
      0.9862936729032965,
      0.9867008747036892
    ],
    [
      0.570062550209304,
      0.5999419471746379,
      0.6301013420851189,
      0.6550923645223019,
      0.6820450524780586,
      0.7136814820744674,
      0.7365622996113234,
      0.7657499298152055,
      0.790379400878104,
      0.81673533931764,
      0.8400453991745132,
      0.8620162503909636,
      0.8777622717914337,
      0.8929630810162712,
      0.9062531456626868,
      0.91714039213308,
      0.9263281689155562,
      0.9338007852449399,
      0.9397918447747241,
      0.9452713684223024,
      0.9497723327708805,
      0.9536997946927495,
      0.9572266237843348,
      0.9602266395257025,
      0.9628779338064405,
      0.9652273301204424,
      0.9673362814563686,
      0.9692389718006715,
      0.9709582769151751,
      0.9725196349312446,
      0.9739458420558839,
      0.9752541236305097,
      0.9764662398204365,
      0.9775779228605351,
      0.9785964800908961,
      0.9795393005006365,
      0.9804022871489642,
      0.9812023443585964,
      0.9819271289849928,
      0.9826137237870645,
      0.9832364317631676,
      0.9837944947721953,
      0.9842814551462068,
      0.9847450597370552,
      0.9851868968770608,
      0.9855752117766029,
      0.9859484030878116,
      0.9863142407190812,
      0.986674751485257,
      0.98699512635667
    ],
    [
      0.6986616853123433,
      0.7155159454988425,
      0.738249311288431,
      0.7573595220485161,
      0.7789923710578707,
      0.7991738554069754,
      0.8200748848559384,
      0.8379828054906057,
      0.8566288769329926,
      0.8715590298457692,
      0.8853535300230672,
      0.8981513987559444,
      0.9092200456824984,
      0.9189744122097933,
      0.9274193190143292,
      0.9342450062587009,
      0.9399610532717146,
      0.9452222272730666,
      0.9495655099077831,
      0.9534019687038867,
      0.9568773888906815,
      0.9598565640864697,
      0.9624946455950468,
      0.9648495613682954,
      0.9669690380816048,
      0.9688856043456278,
      0.9706273060744882,
      0.9722165717627076,
      0.9736719831055728,
      0.9750091403310321,
      0.9762412718758038,
      0.9773796909424508,
      0.9784341414683297,
      0.9794130677327031,
      0.9803238313994485,
      0.9811728757582164,
      0.9819658728187317,
      0.9827078323495195,
      0.9834031969241799,
      0.9840559201516769,
      0.9846695308859262,
      0.9852471908554337,
      0.985791738390516,
      0.9863057297832194,
      0.9867914728303822,
      0.987251055976105,
      0.987686373495524,
      0.9880991471896369,
      0.9884909453798159,
      0.9888631993368309
    ],
    [
      0.8569669235353151,
      0.8679210921781356,
      0.8785821230480995,
      0.8888739527419768,
      0.8982433578094342,
      0.9073747463052927,
      0.9154073123546409,
      0.9228973237253839,
      0.9294105068998343,
      0.9349338835096355,
      0.9400023369678362,
      0.9447372943326992,
      0.9487476408033583,
      0.9523866399424274,
      0.9557179154716888,
      0.9586357855707772,
      0.961247221826943,
      0.9636034417632764,
      0.9657405937880732,
      0.9676870875510802,
      0.9694661851457222,
      0.9710973541783394,
      0.9725971142204758,
      0.9739796221844716,
      0.9752571026402783,
      0.9764401768883623,
      0.9775381216139291,
      0.9785590761398006,
      0.979510210997986,
      0.9803978666053783,
      0.9812276684076842,
      0.9820046232222573,
      0.982733200377772,
      0.9834174004405135,
      0.9840608137205737,
      0.9846666703044045,
      0.9852378830183556,
      0.9857770844627668,
      0.9862866590480601,
      0.9867687707991557,
      0.9872253875623788,
      0.9876583021423558,
      0.9880691508098061,
      0.9884594295503153,
      0.9888305083660109,
      0.9891836438940068,
      0.9895199905656165,
      0.9898406104971228,
      0.9901464822751096,
      0.9904385087760371
    ],
    [
      0.9399628041676967,
      0.9440328272085974,
      0.9475884886119423,
      0.9509122221308302,
      0.9540022699259968,
      0.9567889037101116,
      0.9593255957187126,
      0.9616499696551774,
      0.9637867576439421,
      0.9657556766392773,
      0.9675734276127134,
      0.9692545311900984,
      0.9708117823097855,
      0.972256541055522,
      0.9735989408814552,
      0.9748480495426513,
      0.9760119999036041,
      0.9770980997592735,
      0.9781129259353619,
      0.9790624059511777,
      0.9799518894530543,
      0.9807862110110591,
      0.9815697454985826,
      0.9823064570334186,
      0.9829999422925585,
      0.9836534688905216,
      0.9842700094158513,
      0.9848522716430468,
      0.9854027253723656,
      0.9859236262944455,
      0.986417037228558,
      0.9868848470412701,
      0.9873287875153954,
      0.9877504484067015,
      0.9881512908973156,
      0.9885326596297015,
      0.9888957934830316,
      0.9892418352344032,
      0.9895718402303417,
      0.9898867841791036,
      0.9901875701611778,
      0.9904750349438951,
      0.9907499546759597,
      0.991013050028869,
      0.9912649908444096,
      0.9915064003406041,
      0.9917378589224783,
      0.9919599076387561,
      0.9921730513209539,
      0.9923777614372664
    ]
  ],