{
  "K2_list": [
    1.8,
    2.0,
    2.5,
    3.0,
    4.0
  ],
  "K3_list": [
    0.0,
    0.20512820512820512,
    0.41025641025641024,
    0.6153846153846154,
    0.8205128205128205,
    1.0256410256410255,
    1.2307692307692308,
    1.435897435897436,
    1.641025641025641,
    1.846153846153846,
    2.051282051282051,
    2.2564102564102564,
    2.4615384615384617,
    2.6666666666666665,
    2.871794871794872,
    3.0769230769230766,
    3.282051282051282,
    3.4871794871794872,
    3.692307692307692,
    3.8974358974358974,
    4.102564102564102,
    4.3076923076923075,
    4.512820512820513,
    4.717948717948718,
    4.923076923076923,
    5.128205128205128,
    5.333333333333333,
    5.538461538461538,
    5.743589743589744,
    5.948717948717949,
    6.153846153846153,
    6.358974358974359,
    6.564102564102564,
    6.769230769230769,
    6.9743589743589745,
    7.179487179487179,
    7.384615384615384,
    7.589743589743589,
    7.794871794871795,
    8.0
  ],
  "r1": [
    [
      0.6228020742699752,
      0.6686504238192162,
      0.7182983823415225,
      0.7675721825613924,
      0.8150293660780823,
      0.8584276593068043,
      0.8893722548019918,
      0.9139868049877313,
      0.9314727414764679,
      0.9434510571129568,
      0.9523797996930601,
      0.9592086687619542,
      0.9644284004938554,
      0.9685992080222826,
      0.9720246697118163,
      0.974882592801362,
      0.9772953385722779,
      0.9793616610752988,
      0.9811446715250585,
      0.9826957798141278,
      0.9840506465870398,
      0.985248883420252,
      0.9863116413877137,
      0.9872525210718017,
      0.9880875756845942,
      0.9888204084869893,
      0.9894852338009553,
      0.9901124575519498,
      0.9907062107933058,
      0.9912869180645891,
      0.9917845687927477,
      0.992223516388643,
      0.9926274875369175,
      0.9930002014966686,
      0.9933448607792734,
      0.9936642548187844,
      0.9939608300640443,
      0.9942367400403693,
      0.9944938869363188,
      0.9947339563892058
    ],
    [
      0.7389921399958377,
      0.776349974628159,
      0.8144036226359104,
      0.8478191940695764,
      0.8767349374865049,
      0.9016762313732931,
      0.9209439525840459,
      0.9352089762446785,
      0.9458168134201307,
      0.9538100408174577,
      0.9601013510973322,
      0.9650215118130319,
      0.9690147737988022,
      0.9723197212682514,
      0.9750954481174281,
      0.9774546446154186,
      0.9794800680577017,
      0.9812340882261547,
      0.9827646724578931,
      0.98410933157963,
      0.9852978173884595,
      0.9863540190494282,
      0.9872973269706644,
      0.9881436325670944,
      0.9889060732396571,
      0.9895955955231319,
      0.9902213862408958,
      0.9907912063982911,
      0.9913116524441582,
      0.9917883626372731,
      0.9922261814680138,
      0.9926292917092617,
      0.9930013212552111,
      0.9933454301566526,
      0.9936643819783584,
      0.993960602653598,
      0.9942362292994484,
      0.9944931509193395,
      0.9947330425100607,
      0.9949573937762718
    ],
    [
      0.8749733866462746,
      0.8942240189170179,
      0.911414493099431,
      0.9258172050489041,
      0.9369458381097127,
      0.9462165540944684,
      0.9535289807924927,
      0.959462115664372,
      0.9642457016647163,
      0.9682027723284701,
      0.9715217220833138,
      0.9743359435919672,
      0.9767444572109742,
      0.9788226669291964,
      0.9806290251288432,
      0.9822094888050324,
      0.9836006269730339,
      0.9848318474599924,
      0.9859270248684749,
      0.9869057098999606,
      0.9877840398999135,
      0.9885754326068193,
      0.9892911203749991,
      0.9899405655643182,
      0.9905317864302747,
      0.9910716149272526,
      0.9915659022331683,
      0.992019683786814,
      0.9924373127168232,
      0.9928225684074317,
      0.993178745367673,
      0.9935087263923764,
      0.99381504311632,
      0.9940999263899094,
      0.994365348390251,
      0.9946130579854081,
      0.994844610562625,
      0.9950613932918394,
      0.9952646466078796,
      0.9954554825463839
    ],
    [
      0.9289399938602607,
      0.9383105560182055,
      0.9465067928915264,
      0.9532640061976994,
      0.9588761187816601,
      0.963517115683936,
      0.9674239198989202,
      0.9707434330149318,
      0.9735855598877148,
      0.9760357425415005,
      0.9781615192981257,
      0.9800168324887408,
      0.9816451182108539,
      0.983081607432176,
      0.9843550714163207,
      0.9854891599952513,
      0.9865034357070819,
      0.9874141782564815,
      0.9882350142172479,
      0.9889774129365774,
      0.989651079409408,
      0.990264267367573,
      0.9908240302361948,
      0.9913364234316859,
      0.9918066683399293,
      0.9922392859489537,
      0.9926382063195277,
      0.9930068587139982,
      0.993348246161014,
      0.993665007432219,
      0.9939594687876218,
      0.99423368736536,
      0.9944894877161273,
      0.994728492688032,
      0.9949521496355086,
      0.9951617527420273,
      0.9953584621000126,
      0.9955433200744173,
      0.9957172653824623,
      0.9958811452462942
    ],
    [
      0.9659701612797852,
      0.9692557794175997,
      0.9721233768778774,
      0.9746332798837256,
      0.9768369622454918,
      0.9787782439001443,
      0.9804943162571437,
      0.9820166768622223,
      0.9833719756440074,
      0.9845827647537245,
      0.9856681495099482,
      0.9866443445091295,
      0.9875251432489762,
      0.988322311591439,
      0.9890459157547182,
      0.9897045949406571,
      0.9903057876586738,
      0.9908559196034549,
      0.9913605597528434,
      0.991824550261032,
      0.9922521147654114,
      0.992646948909581,
      0.9930122962017777,
      0.9933510117625474,
      0.9936656160511786,
      0.9939583402810099,
      0.99423116492462,
      0.9944858524584006,
      0.9947239752914789,
      0.9949469396575005,
      0.9951560061122127,
      0.9953523071691629,
      0.9955368625154184,
      0.9957105921751527,
      0.9958743279281315,
      0.9960288232400961,
      0.9961747619207385,
      0.996312765690802,
      0.9964434008115128,
      0.9965671839059675
    ]
  ],